timestamp,task_id,subtask_id,user_id,action,outcome,detail,command,version,input
2026-08-24T11:41:40.740Z,P0001,,38179254,claim_encoding,accepted,,campaign.claimTask,1,"{""task_id"":""P0001""}"
2026-08-24T13:09:51.689Z,P0001,,38179254,submit_encoding,accepted,,campaign.submitScoreSetup,1,"{""task_id"":""P0001"",""staves"":3,""groups"":1,""keysig"":""0"",""meter"":""common""}"
2026-08-24T13:11:42.947Z,P0001,S0001,297915765,claim_validation,accepted,,campaign.claimValidation,1,"{""task_id"":""P0001"",""subtask_id"":""S0001""}"
2026-08-24T13:12:16.372Z,P0001,S0001,297915765,submit_validation,accepted,pass,campaign.submitValidation,2,"{""task_id"":""P0001"",""subtask_id"":""S0001"",""verdict"":""pass""}"
2026-08-24T13:12:30.724Z,P0001,S0001,297915765,submit_validation,rejected,wrong_state,campaign.submitValidation,2,"{""task_id"":""P0001"",""subtask_id"":""S0001"",""verdict"":""pass""}"
2026-08-25T09:57:22.947Z,P0002,,297915765,claim_encoding,accepted,,campaign.claimTask,1,"{""task_id"":""P0002""}"
2026-08-25T10:00:43.445Z,P0002,,297915765,submit_encoding,accepted,,campaign.submitZones,2,"{""task_id"":""P0002"",""measures"":31,""systems"":5,""movements"":1}"
2026-08-25T10:03:08.615Z,P0002,S0001,38179254,claim_validation,accepted,,campaign.claimValidation,1,"{""task_id"":""P0002"",""subtask_id"":""S0001""}"
2026-08-25T10:04:00.926Z,P0002,S0001,38179254,submit_validation,accepted,pass,campaign.submitValidation,2,"{""task_id"":""P0002"",""subtask_id"":""S0001"",""verdict"":""pass""}"
